[
    {
       "ID": 0.01,
       "PR": 77.99
    },
    {
       "ID": 0.02,
       "PR": 77.96
    },
    {
       "ID": 0.03,
       "PR": 77.99
    },
    {
       "ID": 0.04,
       "PR": 78.08
    },
    {
       "ID": 0.05,
       "PR": 77.97
    },
    {
       "ID": 0.06,
       "PR": 78.08
    },
    {
       "ID": 0.07,
       "PR": 78.02
    },
    {
       "ID": 0.08,
       "PR": 77.95
    },
    {
       "ID": 0.09,
       "PR": 78.1
    },
    {
       "ID": 0.1,
       "PR": 78.1
    },
    {
       "ID": 0.11,
       "PR": 78.11
    },
    {
       "ID": 0.12,
       "PR": 77.96
    },
    {
       "ID": 0.13,
       "PR": 78.02
    },
    {
       "ID": 0.14,
       "PR": 78.02
    },
    {
       "ID": 0.15,
       "PR": 77.91
    },
    {
       "ID": 0.16,
       "PR": 78.06
    },
    {
       "ID": 0.17,
       "PR": 78.2
    },
    {
       "ID": 0.18,
       "PR": 78.23
    },
    {
       "ID": 0.19,
       "PR": 78.32
    },
    {
       "ID": 0.2,
       "PR": 78.25
    },
    {
       "ID": 0.21,
       "PR": 78.13
    },
    {
       "ID": 0.22,
       "PR": 78.08
    },
    {
       "ID": 0.23,
       "PR": 78.1
    },
    {
       "ID": 0.24,
       "PR": 78.24
    },
    {
       "ID": 0.25,
       "PR": 78.37
    },
    {
       "ID": 0.26,
       "PR": 78.39
    },
    {
       "ID": 0.27,
       "PR": 78.23
    },
    {
       "ID": 0.28,
       "PR": 78.18
    },
    {
       "ID": 0.29,
       "PR": 77.86
    },
    {
       "ID": 0.3,
       "PR": 78.44
    },
    {
       "ID": 0.31,
       "PR": 78.13
    },
    {
       "ID": 0.32,
       "PR": 78.28
    },
    {
       "ID": 0.33,
       "PR": 78.08
    },
    {
       "ID": 0.34,
       "PR": 77.88
    },
    {
       "ID": 0.35,
       "PR": 77.89
    },
    {
       "ID": 0.36,
       "PR": 77.96
    },
    {
       "ID": 0.37,
       "PR": 78.22
    },
    {
       "ID": 0.38,
       "PR": 77.99
    },
    {
       "ID": 0.39,
       "PR": 77.94
    },
    {
       "ID": 0.4,
       "PR": 78.05
    },
    {
       "ID": 0.41,
       "PR": 78.2
    },
    {
       "ID": 0.42,
       "PR": 77.92
    },
    {
       "ID": 0.43,
       "PR": 78.06
    },
    {
       "ID": 0.44,
       "PR": 77.98
    },
    {
       "ID": 0.45,
       "PR": 77.91
    },
    {
       "ID": 0.46,
       "PR": 77.97
    },
    {
       "ID": 0.47,
       "PR": 77.94
    },
    {
       "ID": 0.48,
       "PR": 77.89
    },
    {
       "ID": 0.49,
       "PR": 77.93
    },
    {
       "ID": 0.5,
       "PR": 76.42
    },
    {
       "ID": 0.51,
       "PR": 77.91
    }
 ]