[
   {
      "ID": 0.01,
      "January": 4.77,
      "February": 5.6,
      "March": 5.71,
      "April": 5.77,
      "May": 5.21,
      "June": 4.99,
      "July": 4.97,
      "August": 5.04,
      "September": 4.86,
      "October": 4.71,
      "November": 4.16,
      "December": 4,
      "Average": 4.98
   },
   {
      "ID": 0.02,
      "January": 4.76,
      "February": 5.58,
      "March": 5.79,
      "April": 5.85,
      "May": 5.4,
      "June": 5.16,
      "July": 5.11,
      "August": 5.19,
      "September": 5.13,
      "October": 4.85,
      "November": 4.53,
      "December": 4.23,
      "Average": 5.09
   },
   {
      "ID": 0.03,
      "January": 4.63,
      "February": 5.47,
      "March": 5.46,
      "April": 5.5,
      "May": 5.11,
      "June": 5,
      "July": 4.9,
      "August": 4.98,
      "September": 4.76,
      "October": 4.53,
      "November": 4.01,
      "December": 3.89,
      "Average": 4.85
   },
   {
      "ID": 0.04,
      "January": 4.64,
      "February": 5.46,
      "March": 5.45,
      "April": 5.57,
      "May": 5.12,
      "June": 4.99,
      "July": 4.87,
      "August": 4.89,
      "September": 4.73,
      "October": 4.44,
      "November": 4.03,
      "December": 3.9,
      "Average": 4.84
   },
   {
      "ID": 0.05,
      "January": 4.58,
      "February": 5.45,
      "March": 5.49,
      "April": 5.58,
      "May": 5.19,
      "June": 5.05,
      "July": 4.94,
      "August": 5.04,
      "September": 4.85,
      "October": 4.6,
      "November": 4.03,
      "December": 3.81,
      "Average": 4.89
   },
   {
      "ID": 0.06,
      "January": 4.53,
      "February": 5.46,
      "March": 5.5,
      "April": 5.66,
      "May": 5.19,
      "June": 5.06,
      "July": 4.95,
      "August": 4.99,
      "September": 4.82,
      "October": 4.59,
      "November": 4.03,
      "December": 3.77,
      "Average": 4.88
   },
   {
      "ID": 0.07,
      "January": 4.81,
      "February": 5.68,
      "March": 5.84,
      "April": 5.85,
      "May": 5.57,
      "June": 5.34,
      "July": 5.25,
      "August": 5.34,
      "September": 5.29,
      "October": 4.94,
      "November": 4.24,
      "December": 4.08,
      "Average": 5.19
   },
   {
      "ID": 0.08,
      "January": 4.61,
      "February": 5.51,
      "March": 5.7,
      "April": 5.8,
      "May": 5.29,
      "June": 5.06,
      "July": 4.99,
      "August": 5.08,
      "September": 4.97,
      "October": 4.76,
      "November": 4.15,
      "December": 3.95,
      "Average": 4.99
   },
   {
      "ID": 0.09,
      "January": 4.4,
      "February": 5.32,
      "March": 5.33,
      "April": 5.36,
      "May": 5,
      "June": 4.87,
      "July": 4.82,
      "August": 4.82,
      "September": 4.58,
      "October": 4.39,
      "November": 3.93,
      "December": 3.75,
      "Average": 4.71
   },
   {
      "ID": 0.1,
      "January": 4.88,
      "February": 5.58,
      "March": 5.49,
      "April": 5.48,
      "May": 5.06,
      "June": 4.91,
      "July": 4.77,
      "August": 4.78,
      "September": 4.61,
      "October": 4.41,
      "November": 4.26,
      "December": 4.19,
      "Average": 4.87
   },
   {
      "ID": 0.11,
      "January": 4.71,
      "February": 5.54,
      "March": 5.46,
      "April": 5.45,
      "May": 5.07,
      "June": 4.91,
      "July": 4.86,
      "August": 4.91,
      "September": 4.71,
      "October": 4.47,
      "November": 4.03,
      "December": 3.94,
      "Average": 4.84
   },
   {
      "ID": 0.12,
      "January": 4.65,
      "February": 5.52,
      "March": 5.45,
      "April": 5.45,
      "May": 5.07,
      "June": 4.92,
      "July": 4.87,
      "August": 4.93,
      "September": 4.71,
      "October": 4.45,
      "November": 4.03,
      "December": 3.89,
      "Average": 4.83
   },
   {
      "ID": 0.13,
      "January": 4.61,
      "February": 5.47,
      "March": 5.54,
      "April": 5.53,
      "May": 5.07,
      "June": 4.95,
      "July": 4.91,
      "August": 4.91,
      "September": 4.71,
      "October": 4.53,
      "November": 4.07,
      "December": 3.87,
      "Average": 4.85
   },
   {
      "ID": 0.14,
      "January": 4.66,
      "February": 5.51,
      "March": 5.51,
      "April": 5.51,
      "May": 5.09,
      "June": 4.93,
      "July": 4.89,
      "August": 4.94,
      "September": 4.71,
      "October": 4.51,
      "November": 4.05,
      "December": 3.9,
      "Average": 4.85
   },
   {
      "ID": 0.15,
      "January": 4.8,
      "February": 5.67,
      "March": 5.8,
      "April": 5.84,
      "May": 5.32,
      "June": 5.11,
      "July": 5.06,
      "August": 5.11,
      "September": 5.02,
      "October": 4.86,
      "November": 4.28,
      "December": 4.06,
      "Average": 5.08
   },
   {
      "ID": 0.16,
      "January": 4.7,
      "February": 5.49,
      "March": 5.4,
      "April": 5.46,
      "May": 5.06,
      "June": 4.87,
      "July": 4.75,
      "August": 4.83,
      "September": 4.62,
      "October": 4.4,
      "November": 4.1,
      "December": 4.81,
      "Average": 4.81
   },
   {
      "ID": 0.17,
      "January": 4.95,
      "February": 5.18,
      "March": 5.31,
      "April": 5.39,
      "May": 5.02,
      "June": 5.04,
      "July": 4.91,
      "August": 4.89,
      "September": 4.73,
      "October": 4.91,
      "November": 4.88,
      "December": 4.81,
      "Average": 5
   },
   {
      "ID": 0.18,
      "January": 4.84,
      "February": 4.94,
      "March": 5.07,
      "April": 5.09,
      "May": 4.72,
      "June": 4.62,
      "July": 4.56,
      "August": 4.4,
      "September": 4.75,
      "October": 4.81,
      "November": 4.81,
      "December": 4.75,
      "Average": 4.77
   },
   {
      "ID": 0.19,
      "January": 4.87,
      "February": 5.06,
      "March": 5.17,
      "April": 5.17,
      "May": 4.56,
      "June": 4.48,
      "July": 4.41,
      "August": 4.32,
      "September": 4.21,
      "October": 4.81,
      "November": 4.89,
      "December": 4.76,
      "Average": 4.73
   },
   {
      "ID": 0.2,
      "January": 4.89,
      "February": 5.13,
      "March": 5.29,
      "April": 5.3,
      "May": 4.91,
      "June": 4.94,
      "July": 4.84,
      "August": 4.81,
      "September": 4.56,
      "October": 4.62,
      "November": 4.73,
      "December": 4.69,
      "Average": 4.89
   },
   {
      "ID": 0.21,
      "January": 4.99,
      "February": 5.14,
      "March": 5.23,
      "April": 5.33,
      "May": 4.91,
      "June": 4.96,
      "July": 4.78,
      "August": 4.84,
      "September": 4.72,
      "October": 5.02,
      "November": 4.96,
      "December": 4.82,
      "Average": 4.97
   },
   {
      "ID": 0.22,
      "January": 4.94,
      "February": 5.11,
      "March": 5.19,
      "April": 5.33,
      "May": 4.88,
      "June": 4.86,
      "July": 4.69,
      "August": 4.73,
      "September": 4.63,
      "October": 4.97,
      "November": 4.93,
      "December": 4.79,
      "Average": 4.92
   },
   {
      "ID": 0.23,
      "January": 4.99,
      "February": 5.28,
      "March": 5.44,
      "April": 5.45,
      "May": 5.05,
      "June": 5.05,
      "July": 4.97,
      "August": 4.93,
      "September": 4.72,
      "October": 4.88,
      "November": 4.88,
      "December": 4.82,
      "Average": 5.04
   },
   {
      "ID": 0.24,
      "January": 5.22,
      "February": 5.65,
      "March": 5.83,
      "April": 5.94,
      "May": 5.41,
      "June": 5.31,
      "July": 5.23,
      "August": 5.21,
      "September": 5.04,
      "October": 5.16,
      "November": 5.14,
      "December": 5.04,
      "Average": 5.35
   },
   {
      "ID": 0.25,
      "January": 5.17,
      "February": 5.57,
      "March": 5.77,
      "April": 6.01,
      "May": 5.42,
      "June": 5.28,
      "July": 5.23,
      "August": 5.28,
      "September": 5.04,
      "October": 5.09,
      "November": 5.06,
      "December": 4.98,
      "Average": 5.33
   },
   {
      "ID": 0.26,
      "January": 4.93,
      "February": 5.18,
      "March": 5.25,
      "April": 5.26,
      "May": 4.62,
      "June": 4.51,
      "July": 4.39,
      "August": 4.27,
      "September": 4.21,
      "October": 4.82,
      "November": 4.89,
      "December": 4.79,
      "Average": 4.76
   },
   {
      "ID": 0.27,
      "January": 4.93,
      "February": 5.12,
      "March": 5.26,
      "April": 5.33,
      "May": 4.83,
      "June": 4.71,
      "July": 4.57,
      "August": 4.51,
      "September": 4.49,
      "October": 4.92,
      "November": 4.88,
      "December": 4.75,
      "Average": 4.86
   },
   {
      "ID": 0.28,
      "January": 4.76,
      "February": 5.27,
      "March": 5.61,
      "April": 5.84,
      "May": 5.59,
      "June": 5.24,
      "July": 4.95,
      "August": 4.78,
      "September": 4.77,
      "October": 5.11,
      "November": 4.78,
      "December": 4.57,
      "Average": 5.11
   },
   {
      "ID": 0.29,
      "January": 4.71,
      "February": 5.23,
      "March": 5.54,
      "April": 5.78,
      "May": 5.5,
      "June": 5.19,
      "July": 4.9,
      "August": 4.71,
      "September": 4.71,
      "October": 5.11,
      "November": 4.77,
      "December": 4.55,
      "Average": 5.06
   },
   {
      "ID": 0.3,
      "January": 4.71,
      "February": 5.2,
      "March": 5.56,
      "April": 5.81,
      "May": 5.52,
      "June": 5.21,
      "July": 4.88,
      "August": 4.61,
      "September": 4.67,
      "October": 5.08,
      "November": 4.75,
      "December": 4.52,
      "Average": 5.04
   },
   {
      "ID": 0.31,
      "January": 4.8,
      "February": 5.28,
      "March": 5.59,
      "April": 5.79,
      "May": 5.57,
      "June": 5.3,
      "July": 5.01,
      "August": 4.8,
      "September": 4.8,
      "October": 5.09,
      "November": 4.81,
      "December": 4.62,
      "Average": 5.12
   },
   {
      "ID": 0.32,
      "January": 4.76,
      "February": 5.26,
      "March": 5.57,
      "April": 5.79,
      "May": 5.54,
      "June": 5.22,
      "July": 4.94,
      "August": 4.71,
      "September": 4.73,
      "October": 5.09,
      "November": 4.77,
      "December": 4.58,
      "Average": 5.08
   },
   {
      "ID": 0.33,
      "January": 4.84,
      "February": 5.31,
      "March": 5.63,
      "April": 5.87,
      "May": 5.63,
      "June": 5.32,
      "July": 5.06,
      "August": 4.84,
      "September": 4.82,
      "October": 5.09,
      "November": 4.81,
      "December": 4.64,
      "Average": 5.15
   },
   {
      "ID": 0.34,
      "January": 4.86,
      "February": 5.35,
      "March": 5.67,
      "April": 5.83,
      "May": 5.57,
      "June": 5.28,
      "July": 5.06,
      "August": 4.84,
      "September": 4.78,
      "October": 5.12,
      "November": 4.83,
      "December": 4.66,
      "Average": 5.15
   },
   {
      "ID": 0.35,
      "January": 4.72,
      "February": 5.21,
      "March": 5.54,
      "April": 5.76,
      "May": 5.49,
      "June": 5.14,
      "July": 4.82,
      "August": 4.52,
      "September": 4.64,
      "October": 5.03,
      "November": 4.71,
      "December": 4.51,
      "Average": 5.01
   },
   {
      "ID": 0.36,
      "January": 4.72,
      "February": 5.18,
      "March": 5.53,
      "April": 5.8,
      "May": 5.51,
      "June": 5.18,
      "July": 4.86,
      "August": 4.6,
      "September": 4.7,
      "October": 5.07,
      "November": 4.73,
      "December": 4.53,
      "Average": 5.03
   },
   {
      "ID": 0.37,
      "January": 4.83,
      "February": 5.33,
      "March": 5.61,
      "April": 5.92,
      "May": 5.55,
      "June": 5.31,
      "July": 5.15,
      "August": 4.94,
      "September": 4.93,
      "October": 4.97,
      "November": 4.9,
      "December": 4.66,
      "Average": 5.17
   },
   {
      "ID": 0.38,
      "January": 4.82,
      "February": 5.33,
      "March": 5.62,
      "April": 5.94,
      "May": 5.55,
      "June": 5.31,
      "July": 5.13,
      "August": 4.96,
      "September": 4.93,
      "October": 4.96,
      "November": 4.89,
      "December": 4.65,
      "Average": 5.17
   },
   {
      "ID": 0.39,
      "January": 4.85,
      "February": 5.31,
      "March": 5.58,
      "April": 5.88,
      "May": 5.53,
      "June": 5.33,
      "July": 5.16,
      "August": 4.94,
      "September": 4.94,
      "October": 4.98,
      "November": 4.91,
      "December": 4.69,
      "Average": 5.17
   },
   {
      "ID": 0.4,
      "January": 4.83,
      "February": 5.34,
      "March": 5.62,
      "April": 5.99,
      "May": 5.58,
      "June": 5.32,
      "July": 5.15,
      "August": 4.96,
      "September": 4.94,
      "October": 4.97,
      "November": 4.9,
      "December": 4.66,
      "Average": 5.19
   },
   {
      "ID": 0.41,
      "January": 4.79,
      "February": 5.37,
      "March": 5.67,
      "April": 6.07,
      "May": 5.63,
      "June": 5.31,
      "July": 5.13,
      "August": 4.96,
      "September": 4.94,
      "October": 4.93,
      "November": 4.84,
      "December": 4.62,
      "Average": 5.19
   },
   {
      "ID": 0.42,
      "January": 4.82,
      "February": 5.34,
      "March": 5.61,
      "April": 5.97,
      "May": 5.56,
      "June": 5.32,
      "July": 5.15,
      "August": 4.96,
      "September": 4.96,
      "October": 4.97,
      "November": 4.89,
      "December": 4.65,
      "Average": 5.18
   },
   {
      "ID": 0.43,
      "January": 4.83,
      "February": 5.38,
      "March": 5.67,
      "April": 6.05,
      "May": 5.61,
      "June": 5.34,
      "July": 5.14,
      "August": 4.96,
      "September": 4.98,
      "October": 4.98,
      "November": 4.86,
      "December": 4.65,
      "Average": 5.2
   },
   {
      "ID": 0.44,
      "January": 4.43,
      "February": 5.16,
      "March": 5.52,
      "April": 6.01,
      "May": 5.56,
      "June": 4.93,
      "July": 4.6,
      "August": 4.49,
      "September": 4.7,
      "October": 4.59,
      "November": 4.4,
      "December": 4.15,
      "Average": 4.88
   },
   {
      "ID": 0.45,
      "January": 4.36,
      "February": 5.14,
      "March": 5.48,
      "April": 5.89,
      "May": 5.34,
      "June": 4.85,
      "July": 4.45,
      "August": 4.3,
      "September": 4.39,
      "October": 4.3,
      "November": 4.25,
      "December": 4.07,
      "Average": 4.74
   },
   {
      "ID": 0.46,
      "January": 4.46,
      "February": 5.21,
      "March": 5.54,
      "April": 5.94,
      "May": 5.39,
      "June": 4.84,
      "July": 4.47,
      "August": 4.38,
      "September": 4.63,
      "October": 4.53,
      "November": 4.39,
      "December": 4.18,
      "Average": 4.83
   },
   {
      "ID": 0.47,
      "January": 4.48,
      "February": 5.25,
      "March": 5.58,
      "April": 5.94,
      "May": 5.27,
      "June": 4.67,
      "July": 4.31,
      "August": 4.24,
      "September": 4.48,
      "October": 4.36,
      "November": 4.33,
      "December": 4.16,
      "Average": 4.76
   },
   {
      "ID": 0.48,
      "January": 4.43,
      "February": 5.2,
      "March": 5.51,
      "April": 5.89,
      "May": 5.28,
      "June": 4.71,
      "July": 4.4,
      "August": 4.37,
      "September": 4.48,
      "October": 4.43,
      "November": 4.36,
      "December": 4.16,
      "Average": 4.77
   },
   {
      "ID": 0.49,
      "January": 4.45,
      "February": 5.16,
      "March": 5.53,
      "April": 6.01,
      "May": 5.53,
      "June": 4.91,
      "July": 4.59,
      "August": 4.51,
      "September": 4.78,
      "October": 4.65,
      "November": 4.42,
      "December": 4.17,
      "Average": 4.89
   },
   {
      "ID": 0.5,
      "January": 4.38,
      "February": 5.13,
      "March": 5.5,
      "April": 5.96,
      "May": 5.48,
      "June": 4.89,
      "July": 4.56,
      "August": 4.44,
      "September": 4.61,
      "October": 4.5,
      "November": 4.33,
      "December": 4.1,
      "Average": 4.82
   },
   {
      "ID": 0.51,
      "January": 4.47,
      "February": 5.22,
      "March": 5.57,
      "April": 5.97,
      "May": 5.4,
      "June": 4.76,
      "July": 4.34,
      "August": 4.3,
      "September": 4.68,
      "October": 4.64,
      "November": 4.43,
      "December": 4.18,
      "Average": 4.83
   }
]
